-- --------------------------------------------------------
-- Host:                         localhost
-- Server version:               5.7.33 - MySQL Community Server (GPL)
-- Server OS:                    Win64
-- HeidiSQL Version:             11.2.0.6213
-- --------------------------------------------------------

/*!40101 SET @OLD_CHARACTER_SET_CLIENT=@@CHARACTER_SET_CLIENT */;
/*!40101 SET NAMES utf8 */;
/*!50503 SET NAMES utf8mb4 */;
/*!40014 SET @OLD_FOREIGN_KEY_CHECKS=@@FOREIGN_KEY_CHECKS, FOREIGN_KEY_CHECKS=0 */;
/*!40101 SET @OLD_SQL_MODE=@@SQL_MODE, SQL_MODE='NO_AUTO_VALUE_ON_ZERO' */;
/*!40111 SET @OLD_SQL_NOTES=@@SQL_NOTES, SQL_NOTES=0 */;


-- Dumping database structure for db_inixindo
CREATE DATABASE IF NOT EXISTS `db_inixindo` /*!40100 DEFAULT CHARACTER SET latin1 */;
USE `db_inixindo`;

-- Dumping structure for table db_inixindo.events
CREATE TABLE IF NOT EXISTS `events` (
  `id` bigint(20) unsigned NOT NULL AUTO_INCREMENT,
  `name` varchar(255) COLLATE utf8mb4_unicode_ci DEFAULT NULL,
  `date` datetime DEFAULT NULL,
  `description` text COLLATE utf8mb4_unicode_ci,
  `price` int(11) DEFAULT NULL,
  `created_at` timestamp NULL DEFAULT NULL,
  `updated_at` timestamp NULL DEFAULT NULL,
  PRIMARY KEY (`id`)
) ENGINE=InnoDB AUTO_INCREMENT=4 DEFAULT CHARSET=utf8mb4 COLLATE=utf8mb4_unicode_ci;

-- Dumping data for table db_inixindo.events: ~2 rows (approximately)
/*!40000 ALTER TABLE `events` DISABLE KEYS */;
INSERT INTO `events` (`id`, `name`, `date`, `description`, `price`, `created_at`, `updated_at`) VALUES
	(1, 'Lomba KIR Tingkat Provinsi Jawa Timur XXI', '2023-03-20 05:04:44', 'LKIR atau Lomba Karya Ilmiah Remaja merupakan kegiatan tahunan yang diselenggarakan oleh Lembaga Ilmu Pengetahuan Indonesia (LIPI) sejak tahun 1969. Kegiatan ini bertujuan memotivasi generasi muda, khususnya para pelajar di seluruh Indonesia, untuk melakukan kegiatan penelitian mandiri.\n\n            Setiap tahunnya, dari ratusan karya ilmiah yang masuk ditetapkan beberapa karya ilmiah sebagai finalis untuk dipresentasikan di depan dewan juri di LIPI Jakarta. Kategori karya ilmiah meliputi semua bidang ilmu, dari budaya sampai dengan ilmu alam dan rekayasa teknologi. Sampai saat ini tercatat puluhan ribu finalis LKIR (22.764 finalis pada tahun 1998).\n            \n            Situs ini ditujukan untuk menghimpun aneka informasi terkait dengan alumni finalis LKIR LIPI. Meski saat ini belum lengkap, secara bertahap akan terus dilengkapi dan dikembangkan sesuai dengan kebutuhan. Situs ini diawali oleh salah satu alumni yaitu Adhi S. Soembagijo pada tanggal 1 Juli 1995. Sesuai dengan sifat organisasi ini yang berupa organisasi maya, maka sejauh ini tidak diadakan pengurus maupun aneka regulasi.\n            \n            Bagi Anda yang ingin mengetahui informasi terkini mengenai LKIR dan aneka kompetisi ilmiah yang diselenggarakan LIPI, silahkan langsung mengakses halaman PENGUMUMAN di situs Kompetisi Ilmiah LIPI', 150000, '2023-03-15 05:04:44', '2023-03-15 05:04:44'),
	(2, 'Lomba Mewarnai Majalah Anak', '2023-12-01 00:00:00', 'deskripsi', NULL, '2023-03-15 05:19:49', '2023-03-15 05:19:49');
/*!40000 ALTER TABLE `events` ENABLE KEYS */;

-- Dumping structure for table db_inixindo.failed_jobs
CREATE TABLE IF NOT EXISTS `failed_jobs` (
  `id` bigint(20) unsigned NOT NULL AUTO_INCREMENT,
  `uuid` varchar(255) COLLATE utf8mb4_unicode_ci NOT NULL,
  `connection` text COLLATE utf8mb4_unicode_ci NOT NULL,
  `queue` text COLLATE utf8mb4_unicode_ci NOT NULL,
  `payload` longtext COLLATE utf8mb4_unicode_ci NOT NULL,
  `exception` longtext COLLATE utf8mb4_unicode_ci NOT NULL,
  `failed_at` timestamp NOT NULL DEFAULT CURRENT_TIMESTAMP,
  PRIMARY KEY (`id`),
  UNIQUE KEY `failed_jobs_uuid_unique` (`uuid`)
) ENGINE=InnoDB DEFAULT CHARSET=utf8mb4 COLLATE=utf8mb4_unicode_ci;

-- Dumping data for table db_inixindo.failed_jobs: ~0 rows (approximately)
/*!40000 ALTER TABLE `failed_jobs` DISABLE KEYS */;
/*!40000 ALTER TABLE `failed_jobs` ENABLE KEYS */;

-- Dumping structure for table db_inixindo.migrations
CREATE TABLE IF NOT EXISTS `migrations` (
  `id` int(10) unsigned NOT NULL AUTO_INCREMENT,
  `migration` varchar(255) COLLATE utf8mb4_unicode_ci NOT NULL,
  `batch` int(11) NOT NULL,
  PRIMARY KEY (`id`)
) ENGINE=InnoDB AUTO_INCREMENT=8 DEFAULT CHARSET=utf8mb4 COLLATE=utf8mb4_unicode_ci;

-- Dumping data for table db_inixindo.migrations: ~7 rows (approximately)
/*!40000 ALTER TABLE `migrations` DISABLE KEYS */;
INSERT INTO `migrations` (`id`, `migration`, `batch`) VALUES
	(1, '2013_03_14_041129_create_roles_table', 1),
	(2, '2014_10_12_000000_create_users_table', 1),
	(3, '2014_10_12_100000_create_password_reset_tokens_table', 1),
	(4, '2019_08_19_000000_create_failed_jobs_table', 1),
	(5, '2019_12_14_000001_create_personal_access_tokens_table', 1),
	(6, '2023_03_15_030239_create_events_table', 1),
	(7, '2023_03_15_041731_add_column_event_id_user_table', 1);
/*!40000 ALTER TABLE `migrations` ENABLE KEYS */;

-- Dumping structure for table db_inixindo.password_reset_tokens
CREATE TABLE IF NOT EXISTS `password_reset_tokens` (
  `email` varchar(255) COLLATE utf8mb4_unicode_ci NOT NULL,
  `token` varchar(255) COLLATE utf8mb4_unicode_ci NOT NULL,
  `created_at` timestamp NULL DEFAULT NULL,
  PRIMARY KEY (`email`)
) ENGINE=InnoDB DEFAULT CHARSET=utf8mb4 COLLATE=utf8mb4_unicode_ci;

-- Dumping data for table db_inixindo.password_reset_tokens: ~0 rows (approximately)
/*!40000 ALTER TABLE `password_reset_tokens` DISABLE KEYS */;
/*!40000 ALTER TABLE `password_reset_tokens` ENABLE KEYS */;

-- Dumping structure for table db_inixindo.personal_access_tokens
CREATE TABLE IF NOT EXISTS `personal_access_tokens` (
  `id` bigint(20) unsigned NOT NULL AUTO_INCREMENT,
  `tokenable_type` varchar(255) COLLATE utf8mb4_unicode_ci NOT NULL,
  `tokenable_id` bigint(20) unsigned NOT NULL,
  `name` varchar(255) COLLATE utf8mb4_unicode_ci NOT NULL,
  `token` varchar(64) COLLATE utf8mb4_unicode_ci NOT NULL,
  `abilities` text COLLATE utf8mb4_unicode_ci,
  `last_used_at` timestamp NULL DEFAULT NULL,
  `expires_at` timestamp NULL DEFAULT NULL,
  `created_at` timestamp NULL DEFAULT NULL,
  `updated_at` timestamp NULL DEFAULT NULL,
  PRIMARY KEY (`id`),
  UNIQUE KEY `personal_access_tokens_token_unique` (`token`),
  KEY `personal_access_tokens_tokenable_type_tokenable_id_index` (`tokenable_type`,`tokenable_id`)
) ENGINE=InnoDB DEFAULT CHARSET=utf8mb4 COLLATE=utf8mb4_unicode_ci;

-- Dumping data for table db_inixindo.personal_access_tokens: ~0 rows (approximately)
/*!40000 ALTER TABLE `personal_access_tokens` DISABLE KEYS */;
/*!40000 ALTER TABLE `personal_access_tokens` ENABLE KEYS */;

-- Dumping structure for table db_inixindo.roles
CREATE TABLE IF NOT EXISTS `roles` (
  `id` bigint(20) unsigned NOT NULL AUTO_INCREMENT,
  `name` varchar(255) COLLATE utf8mb4_unicode_ci NOT NULL,
  `created_at` timestamp NULL DEFAULT NULL,
  `updated_at` timestamp NULL DEFAULT NULL,
  PRIMARY KEY (`id`)
) ENGINE=InnoDB AUTO_INCREMENT=3 DEFAULT CHARSET=utf8mb4 COLLATE=utf8mb4_unicode_ci;

-- Dumping data for table db_inixindo.roles: ~2 rows (approximately)
/*!40000 ALTER TABLE `roles` DISABLE KEYS */;
INSERT INTO `roles` (`id`, `name`, `created_at`, `updated_at`) VALUES
	(1, 'admin', NULL, NULL),
	(2, 'peserta', NULL, NULL);
/*!40000 ALTER TABLE `roles` ENABLE KEYS */;

-- Dumping structure for table db_inixindo.users
CREATE TABLE IF NOT EXISTS `users` (
  `id` bigint(20) unsigned NOT NULL AUTO_INCREMENT,
  `name` varchar(255) COLLATE utf8mb4_unicode_ci NOT NULL,
  `email` varchar(255) COLLATE utf8mb4_unicode_ci NOT NULL,
  `birth_date` datetime DEFAULT NULL,
  `address` text COLLATE utf8mb4_unicode_ci,
  `email_verified_at` timestamp NULL DEFAULT NULL,
  `password` varchar(255) COLLATE utf8mb4_unicode_ci NOT NULL,
  `role_id` bigint(20) unsigned NOT NULL,
  `remember_token` varchar(100) COLLATE utf8mb4_unicode_ci DEFAULT NULL,
  `created_at` timestamp NULL DEFAULT NULL,
  `updated_at` timestamp NULL DEFAULT NULL,
  `event_id` bigint(20) unsigned DEFAULT NULL,
  PRIMARY KEY (`id`),
  UNIQUE KEY `users_email_unique` (`email`),
  KEY `users_role_id_foreign` (`role_id`),
  KEY `users_event_id_foreign` (`event_id`),
  CONSTRAINT `users_event_id_foreign` FOREIGN KEY (`event_id`) REFERENCES `events` (`id`) ON DELETE CASCADE,
  CONSTRAINT `users_role_id_foreign` FOREIGN KEY (`role_id`) REFERENCES `roles` (`id`) ON DELETE CASCADE
) ENGINE=InnoDB AUTO_INCREMENT=203 DEFAULT CHARSET=utf8mb4 COLLATE=utf8mb4_unicode_ci;

-- Dumping data for table db_inixindo.users: ~202 rows (approximately)
/*!40000 ALTER TABLE `users` DISABLE KEYS */;
INSERT INTO `users` (`id`, `name`, `email`, `birth_date`, `address`, `email_verified_at`, `password`, `role_id`, `remember_token`, `created_at`, `updated_at`, `event_id`) VALUES
	(1, 'Pringgo Juni Saputro', 'odyinggo@gmail.com', NULL, NULL, '2023-03-15 05:04:44', '$2y$10$R/CrEUHLgJgz4ItWw9TmketJD3T9yRM9fraaC.OqaDVmgEDllAvtO', 1, 'gQZW5BUU2BAjHqrGHTs0HoJkXKzoJLHb2A1y36srIrKIhpG31wJREcEjupyc', '2023-03-15 05:04:44', '2023-03-15 05:04:44', NULL),
	(2, 'Micaela Effertz', 'shany31@example.org', NULL, NULL, '2023-03-15 05:04:44', '$2y$10$92IXUNpkjO0rOQ5byMi.Ye4oKoEa3Ro9llC/.og/at2.uheWG/igi', 2, '7siItqm8Bf', '2023-03-15 05:04:44', '2023-03-15 05:04:44', 1),
	(3, 'Lon Heathcote', 'gkoelpin@example.net', NULL, NULL, '2023-03-15 05:04:44', '$2y$10$92IXUNpkjO0rOQ5byMi.Ye4oKoEa3Ro9llC/.og/at2.uheWG/igi', 2, '5GJg07aJzg', '2023-03-15 05:04:44', '2023-03-15 05:04:44', 1),
	(4, 'Marlen Zulauf', 'darrick12@example.org', NULL, NULL, '2023-03-15 05:04:44', '$2y$10$92IXUNpkjO0rOQ5byMi.Ye4oKoEa3Ro9llC/.og/at2.uheWG/igi', 2, 'gx9kR5PkcM', '2023-03-15 05:04:44', '2023-03-15 05:04:44', 1),
	(5, 'Dr. Edna Toy', 'wrunolfsson@example.com', NULL, NULL, '2023-03-15 05:04:44', '$2y$10$92IXUNpkjO0rOQ5byMi.Ye4oKoEa3Ro9llC/.og/at2.uheWG/igi', 2, '5ZNJvUWl4W', '2023-03-15 05:04:44', '2023-03-15 05:04:44', 1),
	(6, 'Elody Stroman II', 'kattie45@example.com', NULL, NULL, '2023-03-15 05:04:44', '$2y$10$92IXUNpkjO0rOQ5byMi.Ye4oKoEa3Ro9llC/.og/at2.uheWG/igi', 2, 'KdUF5wT1qV', '2023-03-15 05:04:44', '2023-03-15 05:04:44', 1),
	(7, 'Miss Idell Ziemann', 'sandra.bernier@example.com', NULL, NULL, '2023-03-15 05:04:44', '$2y$10$92IXUNpkjO0rOQ5byMi.Ye4oKoEa3Ro9llC/.og/at2.uheWG/igi', 2, 'WcvUK8dQZ6', '2023-03-15 05:04:44', '2023-03-15 05:04:44', 1),
	(8, 'Dr. Alexandra Jaskolski', 'wilber.schamberger@example.net', NULL, NULL, '2023-03-15 05:04:44', '$2y$10$92IXUNpkjO0rOQ5byMi.Ye4oKoEa3Ro9llC/.og/at2.uheWG/igi', 2, 'hWKaF1vHAd', '2023-03-15 05:04:44', '2023-03-15 05:04:44', 1),
	(9, 'Donato Prohaska PhD', 'bernita.rosenbaum@example.com', NULL, NULL, '2023-03-15 05:04:44', '$2y$10$92IXUNpkjO0rOQ5byMi.Ye4oKoEa3Ro9llC/.og/at2.uheWG/igi', 2, 'a79uNT9Afp', '2023-03-15 05:04:44', '2023-03-15 05:04:44', 1),
	(10, 'Tara Tillman', 'stoltenberg.dustin@example.com', NULL, NULL, '2023-03-15 05:04:44', '$2y$10$92IXUNpkjO0rOQ5byMi.Ye4oKoEa3Ro9llC/.og/at2.uheWG/igi', 2, 'kfN5mXY8gB', '2023-03-15 05:04:44', '2023-03-15 05:04:44', 1),
	(11, 'Tara Lubowitz', 'eliezer03@example.net', NULL, NULL, '2023-03-15 05:04:44', '$2y$10$92IXUNpkjO0rOQ5byMi.Ye4oKoEa3Ro9llC/.og/at2.uheWG/igi', 2, 'VZP73dCDkO', '2023-03-15 05:04:44', '2023-03-15 05:04:44', 1),
	(12, 'Kianna Kihn', 'nzieme@example.com', NULL, NULL, '2023-03-15 05:04:44', '$2y$10$92IXUNpkjO0rOQ5byMi.Ye4oKoEa3Ro9llC/.og/at2.uheWG/igi', 2, 'qNAwrRZBPz', '2023-03-15 05:04:44', '2023-03-15 05:04:44', 1),
	(13, 'Roger Maggio', 'kutch.marcia@example.net', NULL, NULL, '2023-03-15 05:04:44', '$2y$10$92IXUNpkjO0rOQ5byMi.Ye4oKoEa3Ro9llC/.og/at2.uheWG/igi', 2, 'rftx0aWgXX', '2023-03-15 05:04:44', '2023-03-15 05:04:44', 1),
	(14, 'Walter Boehm', 'bauch.madison@example.net', NULL, NULL, '2023-03-15 05:04:44', '$2y$10$92IXUNpkjO0rOQ5byMi.Ye4oKoEa3Ro9llC/.og/at2.uheWG/igi', 2, 'r3PZPZtplo', '2023-03-15 05:04:44', '2023-03-15 05:04:44', 1),
	(15, 'Prof. Nona Maggio MD', 'ubergstrom@example.com', NULL, NULL, '2023-03-15 05:04:44', '$2y$10$92IXUNpkjO0rOQ5byMi.Ye4oKoEa3Ro9llC/.og/at2.uheWG/igi', 2, 'nXdiIWQ4wJ', '2023-03-15 05:04:44', '2023-03-15 05:04:44', 1),
	(16, 'Omer Christiansen', 'chester.lesch@example.com', NULL, NULL, '2023-03-15 05:04:44', '$2y$10$92IXUNpkjO0rOQ5byMi.Ye4oKoEa3Ro9llC/.og/at2.uheWG/igi', 2, 'OpApkuoxMe', '2023-03-15 05:04:44', '2023-03-15 05:04:44', 1),
	(17, 'Savanah Reichel', 'jarod.stoltenberg@example.org', NULL, NULL, '2023-03-15 05:04:44', '$2y$10$92IXUNpkjO0rOQ5byMi.Ye4oKoEa3Ro9llC/.og/at2.uheWG/igi', 2, 'In2VIheC6l', '2023-03-15 05:04:44', '2023-03-15 05:04:44', 1),
	(18, 'Prof. Thad Wiza', 'runte.lloyd@example.com', NULL, NULL, '2023-03-15 05:04:44', '$2y$10$92IXUNpkjO0rOQ5byMi.Ye4oKoEa3Ro9llC/.og/at2.uheWG/igi', 2, 'RFZIUTCAIo', '2023-03-15 05:04:44', '2023-03-15 05:04:44', 1),
	(19, 'Ms. Dayna Toy I', 'donnelly.citlalli@example.com', NULL, NULL, '2023-03-15 05:04:44', '$2y$10$92IXUNpkjO0rOQ5byMi.Ye4oKoEa3Ro9llC/.og/at2.uheWG/igi', 2, 'bm9Me6VfuS', '2023-03-15 05:04:44', '2023-03-15 05:04:44', 1),
	(20, 'Breanna Cummings', 'vicente.gibson@example.net', NULL, NULL, '2023-03-15 05:04:44', '$2y$10$92IXUNpkjO0rOQ5byMi.Ye4oKoEa3Ro9llC/.og/at2.uheWG/igi', 2, 'M3GyhqGrEF', '2023-03-15 05:04:44', '2023-03-15 05:04:44', 1),
	(21, 'Dr. Lavada Crist Sr.', 'bayer.abdul@example.net', NULL, NULL, '2023-03-15 05:04:44', '$2y$10$92IXUNpkjO0rOQ5byMi.Ye4oKoEa3Ro9llC/.og/at2.uheWG/igi', 2, 'Z9hIimUpCn', '2023-03-15 05:04:44', '2023-03-15 05:04:44', 1),
	(22, 'Dr. Devonte Konopelski', 'howe.gustave@example.org', NULL, NULL, '2023-03-15 05:04:44', '$2y$10$92IXUNpkjO0rOQ5byMi.Ye4oKoEa3Ro9llC/.og/at2.uheWG/igi', 2, 'RHfI3iyX1V', '2023-03-15 05:04:44', '2023-03-15 05:04:44', 1),
	(23, 'Prof. Melyna Brakus DVM', 'mayert.abel@example.org', NULL, NULL, '2023-03-15 05:04:44', '$2y$10$92IXUNpkjO0rOQ5byMi.Ye4oKoEa3Ro9llC/.og/at2.uheWG/igi', 2, 'FDQkaZsJsY', '2023-03-15 05:04:44', '2023-03-15 05:04:44', 1),
	(24, 'Renee Shields', 'sarina.deckow@example.org', NULL, NULL, '2023-03-15 05:04:44', '$2y$10$92IXUNpkjO0rOQ5byMi.Ye4oKoEa3Ro9llC/.og/at2.uheWG/igi', 2, 'B9IUmasGp7', '2023-03-15 05:04:44', '2023-03-15 05:04:44', 1),
	(25, 'Brandy McCullough', 'estell34@example.com', NULL, NULL, '2023-03-15 05:04:44', '$2y$10$92IXUNpkjO0rOQ5byMi.Ye4oKoEa3Ro9llC/.og/at2.uheWG/igi', 2, 'VJTeOu5wir', '2023-03-15 05:04:44', '2023-03-15 05:04:44', 1),
	(26, 'Prof. Keaton Dicki MD', 'ariane.boyer@example.net', NULL, NULL, '2023-03-15 05:04:44', '$2y$10$92IXUNpkjO0rOQ5byMi.Ye4oKoEa3Ro9llC/.og/at2.uheWG/igi', 2, 'HQ0vnU2dwD', '2023-03-15 05:04:44', '2023-03-15 05:04:44', 1),
	(27, 'Velma Ward', 'susan.hamill@example.org', NULL, NULL, '2023-03-15 05:04:44', '$2y$10$92IXUNpkjO0rOQ5byMi.Ye4oKoEa3Ro9llC/.og/at2.uheWG/igi', 2, 'mYGQex0p3b', '2023-03-15 05:04:44', '2023-03-15 05:04:44', 1),
	(28, 'Dr. Milton Tillman Jr.', 'shaun20@example.org', NULL, NULL, '2023-03-15 05:04:44', '$2y$10$92IXUNpkjO0rOQ5byMi.Ye4oKoEa3Ro9llC/.og/at2.uheWG/igi', 2, 'm8ussgfP5T', '2023-03-15 05:04:44', '2023-03-15 05:04:44', 1),
	(29, 'Roberta Douglas', 'santina43@example.com', NULL, NULL, '2023-03-15 05:04:44', '$2y$10$92IXUNpkjO0rOQ5byMi.Ye4oKoEa3Ro9llC/.og/at2.uheWG/igi', 2, 'dJEZRgX2ij', '2023-03-15 05:04:44', '2023-03-15 05:04:44', 1),
	(30, 'Bianka Veum I', 'karianne.stark@example.com', NULL, NULL, '2023-03-15 05:04:44', '$2y$10$92IXUNpkjO0rOQ5byMi.Ye4oKoEa3Ro9llC/.og/at2.uheWG/igi', 2, 'AiPf3HVYNl', '2023-03-15 05:04:44', '2023-03-15 05:04:44', 1),
	(31, 'Aubree Lehner', 'fisher.nadia@example.org', NULL, NULL, '2023-03-15 05:04:44', '$2y$10$92IXUNpkjO0rOQ5byMi.Ye4oKoEa3Ro9llC/.og/at2.uheWG/igi', 2, '0XEghpRGcB', '2023-03-15 05:04:44', '2023-03-15 05:04:44', 1),
	(32, 'Arnulfo Brekke', 'lubowitz.annamarie@example.org', NULL, NULL, '2023-03-15 05:04:44', '$2y$10$92IXUNpkjO0rOQ5byMi.Ye4oKoEa3Ro9llC/.og/at2.uheWG/igi', 2, 'bIpv7xiLaN', '2023-03-15 05:04:44', '2023-03-15 05:04:44', 1),
	(33, 'Dr. Lemuel Ferry Jr.', 'scottie.mraz@example.net', NULL, NULL, '2023-03-15 05:04:44', '$2y$10$92IXUNpkjO0rOQ5byMi.Ye4oKoEa3Ro9llC/.og/at2.uheWG/igi', 2, 'KRvtgFcdWD', '2023-03-15 05:04:44', '2023-03-15 05:04:44', 1),
	(34, 'Dr. Roy Bartoletti', 'qgoyette@example.com', NULL, NULL, '2023-03-15 05:04:44', '$2y$10$92IXUNpkjO0rOQ5byMi.Ye4oKoEa3Ro9llC/.og/at2.uheWG/igi', 2, '9lIW66qIh3', '2023-03-15 05:04:44', '2023-03-15 05:04:44', 1),
	(35, 'Gaylord Crist', 'trinity57@example.com', NULL, NULL, '2023-03-15 05:04:44', '$2y$10$92IXUNpkjO0rOQ5byMi.Ye4oKoEa3Ro9llC/.og/at2.uheWG/igi', 2, '1PdTNnrubZ', '2023-03-15 05:04:44', '2023-03-15 05:04:44', 1),
	(36, 'Prof. Miracle Flatley I', 'kunze.carmella@example.org', NULL, NULL, '2023-03-15 05:04:44', '$2y$10$92IXUNpkjO0rOQ5byMi.Ye4oKoEa3Ro9llC/.og/at2.uheWG/igi', 2, 'NifpZu3wDG', '2023-03-15 05:04:44', '2023-03-15 05:04:44', 1),
	(37, 'Mrs. Kylee Cassin', 'daniel.anderson@example.org', NULL, NULL, '2023-03-15 05:04:44', '$2y$10$92IXUNpkjO0rOQ5byMi.Ye4oKoEa3Ro9llC/.og/at2.uheWG/igi', 2, '4dSZ3UzL8N', '2023-03-15 05:04:44', '2023-03-15 05:04:44', 1),
	(38, 'Bethany Wilkinson', 'adaline.pfannerstill@example.org', NULL, NULL, '2023-03-15 05:04:44', '$2y$10$92IXUNpkjO0rOQ5byMi.Ye4oKoEa3Ro9llC/.og/at2.uheWG/igi', 2, 'KI1xF7LKVb', '2023-03-15 05:04:44', '2023-03-15 05:04:44', 1),
	(39, 'Ariel Stehr Jr.', 'dbins@example.net', NULL, NULL, '2023-03-15 05:04:44', '$2y$10$92IXUNpkjO0rOQ5byMi.Ye4oKoEa3Ro9llC/.og/at2.uheWG/igi', 2, 'HUa7ww5KJk', '2023-03-15 05:04:44', '2023-03-15 05:04:44', 1),
	(40, 'Adolfo Marvin', 'dbarton@example.com', NULL, NULL, '2023-03-15 05:04:44', '$2y$10$92IXUNpkjO0rOQ5byMi.Ye4oKoEa3Ro9llC/.og/at2.uheWG/igi', 2, 'I9FTC5KIfn', '2023-03-15 05:04:44', '2023-03-15 05:04:44', 1),
	(41, 'Miss Glenda Romaguera IV', 'priscilla.bogisich@example.org', NULL, NULL, '2023-03-15 05:04:44', '$2y$10$92IXUNpkjO0rOQ5byMi.Ye4oKoEa3Ro9llC/.og/at2.uheWG/igi', 2, '0YXCIDxL97', '2023-03-15 05:04:44', '2023-03-15 05:04:44', 1),
	(42, 'Elise Halvorson', 'vicenta.schaefer@example.com', NULL, NULL, '2023-03-15 05:04:44', '$2y$10$92IXUNpkjO0rOQ5byMi.Ye4oKoEa3Ro9llC/.og/at2.uheWG/igi', 2, 'NAH5GntrGl', '2023-03-15 05:04:44', '2023-03-15 05:04:44', 1),
	(43, 'Jeremie Schoen V', 'rippin.malvina@example.com', NULL, NULL, '2023-03-15 05:04:44', '$2y$10$92IXUNpkjO0rOQ5byMi.Ye4oKoEa3Ro9llC/.og/at2.uheWG/igi', 2, 't9Mg1ynY8N', '2023-03-15 05:04:44', '2023-03-15 05:04:44', 1),
	(44, 'Isaiah Emmerich II', 'vconroy@example.net', NULL, NULL, '2023-03-15 05:04:44', '$2y$10$92IXUNpkjO0rOQ5byMi.Ye4oKoEa3Ro9llC/.og/at2.uheWG/igi', 2, 'PNaxlRwCQe', '2023-03-15 05:04:44', '2023-03-15 05:04:44', 1),
	(45, 'Mrs. Laury Klein II', 'cormier.deshaun@example.net', NULL, NULL, '2023-03-15 05:04:44', '$2y$10$92IXUNpkjO0rOQ5byMi.Ye4oKoEa3Ro9llC/.og/at2.uheWG/igi', 2, 'kgpheUwT1o', '2023-03-15 05:04:44', '2023-03-15 05:04:44', 1),
	(46, 'Margarette Monahan III', 'yhalvorson@example.com', NULL, NULL, '2023-03-15 05:04:44', '$2y$10$92IXUNpkjO0rOQ5byMi.Ye4oKoEa3Ro9llC/.og/at2.uheWG/igi', 2, 'dODKmsWpT1', '2023-03-15 05:04:44', '2023-03-15 05:04:44', 1),
	(47, 'Vella Schneider Jr.', 'zryan@example.org', NULL, NULL, '2023-03-15 05:04:44', '$2y$10$92IXUNpkjO0rOQ5byMi.Ye4oKoEa3Ro9llC/.og/at2.uheWG/igi', 2, 't8C7D0peeW', '2023-03-15 05:04:44', '2023-03-15 05:04:44', 1),
	(48, 'Maude Skiles', 'alisha.rath@example.net', NULL, NULL, '2023-03-15 05:04:44', '$2y$10$92IXUNpkjO0rOQ5byMi.Ye4oKoEa3Ro9llC/.og/at2.uheWG/igi', 2, 'JznJAKVACn', '2023-03-15 05:04:44', '2023-03-15 05:04:44', 1),
	(49, 'Caden Christiansen', 'catherine42@example.org', NULL, NULL, '2023-03-15 05:04:44', '$2y$10$92IXUNpkjO0rOQ5byMi.Ye4oKoEa3Ro9llC/.og/at2.uheWG/igi', 2, 'MnoZKvAskJ', '2023-03-15 05:04:44', '2023-03-15 05:04:44', 1),
	(50, 'Marcus Hudson Sr.', 'schumm.ryley@example.com', NULL, NULL, '2023-03-15 05:04:44', '$2y$10$92IXUNpkjO0rOQ5byMi.Ye4oKoEa3Ro9llC/.og/at2.uheWG/igi', 2, 'PTRYwLnN89', '2023-03-15 05:04:44', '2023-03-15 05:04:44', 1),
	(51, 'Eriberto Grant', 'kkris@example.net', NULL, NULL, '2023-03-15 05:04:44', '$2y$10$92IXUNpkjO0rOQ5byMi.Ye4oKoEa3Ro9llC/.og/at2.uheWG/igi', 2, 'n2K4EqyyUg', '2023-03-15 05:04:44', '2023-03-15 05:04:44', 1),
	(52, 'Helene Treutel', 'kareem.gutmann@example.com', NULL, NULL, '2023-03-15 05:04:44', '$2y$10$92IXUNpkjO0rOQ5byMi.Ye4oKoEa3Ro9llC/.og/at2.uheWG/igi', 2, 'le48ByAnun', '2023-03-15 05:04:44', '2023-03-15 05:04:44', 1),
	(53, 'Retha Bode', 'janiya13@example.net', NULL, NULL, '2023-03-15 05:04:44', '$2y$10$92IXUNpkjO0rOQ5byMi.Ye4oKoEa3Ro9llC/.og/at2.uheWG/igi', 2, '8GTQVEm0Fx', '2023-03-15 05:04:44', '2023-03-15 05:04:44', 1),
	(54, 'Courtney Farrell', 'bryon50@example.net', NULL, NULL, '2023-03-15 05:04:44', '$2y$10$92IXUNpkjO0rOQ5byMi.Ye4oKoEa3Ro9llC/.og/at2.uheWG/igi', 2, '0H1OBqS3D9', '2023-03-15 05:04:44', '2023-03-15 05:04:44', 1),
	(55, 'Roxanne Effertz', 'rosa34@example.com', NULL, NULL, '2023-03-15 05:04:44', '$2y$10$92IXUNpkjO0rOQ5byMi.Ye4oKoEa3Ro9llC/.og/at2.uheWG/igi', 2, 'Gzpdx6TNMS', '2023-03-15 05:04:44', '2023-03-15 05:04:44', 1),
	(56, 'Dr. Wilma Kertzmann IV', 'dlockman@example.org', NULL, NULL, '2023-03-15 05:04:44', '$2y$10$92IXUNpkjO0rOQ5byMi.Ye4oKoEa3Ro9llC/.og/at2.uheWG/igi', 2, 'pfbMws7Qof', '2023-03-15 05:04:44', '2023-03-15 05:04:44', 1),
	(57, 'Lillian Treutel', 'olga28@example.com', NULL, NULL, '2023-03-15 05:04:44', '$2y$10$92IXUNpkjO0rOQ5byMi.Ye4oKoEa3Ro9llC/.og/at2.uheWG/igi', 2, 'jVXMuQkAaB', '2023-03-15 05:04:44', '2023-03-15 05:04:44', 1),
	(58, 'Yasmine Hilpert I', 'qwisoky@example.net', NULL, NULL, '2023-03-15 05:04:44', '$2y$10$92IXUNpkjO0rOQ5byMi.Ye4oKoEa3Ro9llC/.og/at2.uheWG/igi', 2, 'uodp1QBe7r', '2023-03-15 05:04:44', '2023-03-15 05:04:44', 1),
	(59, 'Alyson Dickens', 'ewilkinson@example.org', NULL, NULL, '2023-03-15 05:04:44', '$2y$10$92IXUNpkjO0rOQ5byMi.Ye4oKoEa3Ro9llC/.og/at2.uheWG/igi', 2, 'fJgXd0ykgd', '2023-03-15 05:04:44', '2023-03-15 05:04:44', 1),
	(60, 'Blake Thompson', 'gward@example.org', NULL, NULL, '2023-03-15 05:04:44', '$2y$10$92IXUNpkjO0rOQ5byMi.Ye4oKoEa3Ro9llC/.og/at2.uheWG/igi', 2, 'YF4leSzggh', '2023-03-15 05:04:44', '2023-03-15 05:04:44', 1),
	(61, 'Estelle Watsica Jr.', 'mtowne@example.net', NULL, NULL, '2023-03-15 05:04:44', '$2y$10$92IXUNpkjO0rOQ5byMi.Ye4oKoEa3Ro9llC/.og/at2.uheWG/igi', 2, 'Puj4SEpBZQ', '2023-03-15 05:04:44', '2023-03-15 05:04:44', 1),
	(62, 'Danielle Hodkiewicz', 'amani.mayert@example.org', NULL, NULL, '2023-03-15 05:04:44', '$2y$10$92IXUNpkjO0rOQ5byMi.Ye4oKoEa3Ro9llC/.og/at2.uheWG/igi', 2, '4gfIlhy9Zy', '2023-03-15 05:04:44', '2023-03-15 05:04:44', 1),
	(63, 'Green Mosciski Jr.', 'harvey.cleve@example.net', NULL, NULL, '2023-03-15 05:04:44', '$2y$10$92IXUNpkjO0rOQ5byMi.Ye4oKoEa3Ro9llC/.og/at2.uheWG/igi', 2, 'Jk5NsY5ru6', '2023-03-15 05:04:44', '2023-03-15 05:04:44', 1),
	(64, 'Daryl Tremblay I', 'stroman.evie@example.org', NULL, NULL, '2023-03-15 05:04:44', '$2y$10$92IXUNpkjO0rOQ5byMi.Ye4oKoEa3Ro9llC/.og/at2.uheWG/igi', 2, 'QaWVsfZZCe', '2023-03-15 05:04:44', '2023-03-15 05:04:44', 1),
	(65, 'Shaina Cassin', 'anissa97@example.net', NULL, NULL, '2023-03-15 05:04:44', '$2y$10$92IXUNpkjO0rOQ5byMi.Ye4oKoEa3Ro9llC/.og/at2.uheWG/igi', 2, '8wOdRN5Wbk', '2023-03-15 05:04:44', '2023-03-15 05:04:44', 1),
	(66, 'Mr. Salvatore Wintheiser DVM', 'creola.mitchell@example.com', NULL, NULL, '2023-03-15 05:04:44', '$2y$10$92IXUNpkjO0rOQ5byMi.Ye4oKoEa3Ro9llC/.og/at2.uheWG/igi', 2, 'V8X7Dl7GNt', '2023-03-15 05:04:44', '2023-03-15 05:04:44', 1),
	(67, 'Alisa Kunde', 'russ32@example.org', NULL, NULL, '2023-03-15 05:04:44', '$2y$10$92IXUNpkjO0rOQ5byMi.Ye4oKoEa3Ro9llC/.og/at2.uheWG/igi', 2, 'chTdduozHc', '2023-03-15 05:04:44', '2023-03-15 05:04:44', 1),
	(68, 'Alayna Mohr', 'omer.sipes@example.net', NULL, NULL, '2023-03-15 05:04:44', '$2y$10$92IXUNpkjO0rOQ5byMi.Ye4oKoEa3Ro9llC/.og/at2.uheWG/igi', 2, 'GTamr5lfwp', '2023-03-15 05:04:44', '2023-03-15 05:04:44', 1),
	(69, 'Dr. Tom Lehner', 'johnpaul74@example.org', NULL, NULL, '2023-03-15 05:04:44', '$2y$10$92IXUNpkjO0rOQ5byMi.Ye4oKoEa3Ro9llC/.og/at2.uheWG/igi', 2, 'pkFKtnvnYf', '2023-03-15 05:04:44', '2023-03-15 05:04:44', 1),
	(70, 'Mr. Willis Ryan II', 'jace38@example.com', NULL, NULL, '2023-03-15 05:04:44', '$2y$10$92IXUNpkjO0rOQ5byMi.Ye4oKoEa3Ro9llC/.og/at2.uheWG/igi', 2, 'AuU2zGc9IB', '2023-03-15 05:04:44', '2023-03-15 05:04:44', 1),
	(71, 'Wallace Blanda', 'reymundo.reynolds@example.org', NULL, NULL, '2023-03-15 05:04:44', '$2y$10$92IXUNpkjO0rOQ5byMi.Ye4oKoEa3Ro9llC/.og/at2.uheWG/igi', 2, 'Xi7CS4Yc0H', '2023-03-15 05:04:44', '2023-03-15 05:04:44', 1),
	(72, 'Thaddeus O\'Kon', 'monserrate.koelpin@example.com', NULL, NULL, '2023-03-15 05:04:44', '$2y$10$92IXUNpkjO0rOQ5byMi.Ye4oKoEa3Ro9llC/.og/at2.uheWG/igi', 2, '7RP3hIFElJ', '2023-03-15 05:04:44', '2023-03-15 05:04:44', 1),
	(73, 'Monique Collins', 'fvonrueden@example.org', NULL, NULL, '2023-03-15 05:04:44', '$2y$10$92IXUNpkjO0rOQ5byMi.Ye4oKoEa3Ro9llC/.og/at2.uheWG/igi', 2, 'D9Gn9ePhDm', '2023-03-15 05:04:44', '2023-03-15 05:04:44', 1),
	(74, 'Zion Shields', 'gaylord.dasia@example.net', NULL, NULL, '2023-03-15 05:04:44', '$2y$10$92IXUNpkjO0rOQ5byMi.Ye4oKoEa3Ro9llC/.og/at2.uheWG/igi', 2, 'ZMwjxpOaEp', '2023-03-15 05:04:44', '2023-03-15 05:04:44', 1),
	(75, 'Ms. Itzel Jenkins III', 'ijacobson@example.org', NULL, NULL, '2023-03-15 05:04:44', '$2y$10$92IXUNpkjO0rOQ5byMi.Ye4oKoEa3Ro9llC/.og/at2.uheWG/igi', 2, 'iw7BhLst1d', '2023-03-15 05:04:44', '2023-03-15 05:04:44', 1),
	(76, 'Prof. Edmond Wyman I', 'floy.kohler@example.org', NULL, NULL, '2023-03-15 05:04:44', '$2y$10$92IXUNpkjO0rOQ5byMi.Ye4oKoEa3Ro9llC/.og/at2.uheWG/igi', 2, 'qkZ504lcjc', '2023-03-15 05:04:44', '2023-03-15 05:04:44', 1),
	(77, 'Bill Leffler', 'alison52@example.net', NULL, NULL, '2023-03-15 05:04:44', '$2y$10$92IXUNpkjO0rOQ5byMi.Ye4oKoEa3Ro9llC/.og/at2.uheWG/igi', 2, 'xi5BPzkF5E', '2023-03-15 05:04:44', '2023-03-15 05:04:44', 1),
	(78, 'Leif Beer DDS', 'murphy.giovanny@example.net', NULL, NULL, '2023-03-15 05:04:44', '$2y$10$92IXUNpkjO0rOQ5byMi.Ye4oKoEa3Ro9llC/.og/at2.uheWG/igi', 2, 'sZNhnxL3Np', '2023-03-15 05:04:44', '2023-03-15 05:04:44', 1),
	(79, 'Chadrick Hill DDS', 'rachelle.stokes@example.net', NULL, NULL, '2023-03-15 05:04:44', '$2y$10$92IXUNpkjO0rOQ5byMi.Ye4oKoEa3Ro9llC/.og/at2.uheWG/igi', 2, 'bPrLJ5XLyC', '2023-03-15 05:04:44', '2023-03-15 05:04:44', 1),
	(80, 'Dorian Spinka', 'roxanne83@example.net', NULL, NULL, '2023-03-15 05:04:44', '$2y$10$92IXUNpkjO0rOQ5byMi.Ye4oKoEa3Ro9llC/.og/at2.uheWG/igi', 2, 'Jf5QKtBSZa', '2023-03-15 05:04:44', '2023-03-15 05:04:44', 1),
	(81, 'Tressie Ledner II', 'pansy.okuneva@example.com', NULL, NULL, '2023-03-15 05:04:44', '$2y$10$92IXUNpkjO0rOQ5byMi.Ye4oKoEa3Ro9llC/.og/at2.uheWG/igi', 2, 'H2n7n4dQTp', '2023-03-15 05:04:44', '2023-03-15 05:04:44', 1),
	(82, 'Kiara Pacocha', 'gerardo.satterfield@example.org', NULL, NULL, '2023-03-15 05:04:44', '$2y$10$92IXUNpkjO0rOQ5byMi.Ye4oKoEa3Ro9llC/.og/at2.uheWG/igi', 2, '25mfwX2N20', '2023-03-15 05:04:44', '2023-03-15 05:04:44', 1),
	(83, 'Mrs. Valerie Breitenberg II', 'lynch.kayley@example.org', NULL, NULL, '2023-03-15 05:04:44', '$2y$10$92IXUNpkjO0rOQ5byMi.Ye4oKoEa3Ro9llC/.og/at2.uheWG/igi', 2, '40NkJDyvXT', '2023-03-15 05:04:44', '2023-03-15 05:04:44', 1),
	(84, 'Prof. Ozella Schamberger', 'terence.erdman@example.org', NULL, NULL, '2023-03-15 05:04:44', '$2y$10$92IXUNpkjO0rOQ5byMi.Ye4oKoEa3Ro9llC/.og/at2.uheWG/igi', 2, 'uNYRbmHYZ7', '2023-03-15 05:04:44', '2023-03-15 05:04:44', 1),
	(85, 'Chester Fisher', 'lucile41@example.net', NULL, NULL, '2023-03-15 05:04:44', '$2y$10$92IXUNpkjO0rOQ5byMi.Ye4oKoEa3Ro9llC/.og/at2.uheWG/igi', 2, '47dsKWlXbD', '2023-03-15 05:04:44', '2023-03-15 05:04:44', 1),
	(86, 'Miss Annabel Wyman IV', 'wilburn.parker@example.net', NULL, NULL, '2023-03-15 05:04:44', '$2y$10$92IXUNpkjO0rOQ5byMi.Ye4oKoEa3Ro9llC/.og/at2.uheWG/igi', 2, 'zWh7dDCDD8', '2023-03-15 05:04:44', '2023-03-15 05:04:44', 1),
	(87, 'Janick Hansen DDS', 'amos87@example.org', NULL, NULL, '2023-03-15 05:04:44', '$2y$10$92IXUNpkjO0rOQ5byMi.Ye4oKoEa3Ro9llC/.og/at2.uheWG/igi', 2, 'k1XLGnpDE1', '2023-03-15 05:04:44', '2023-03-15 05:04:44', 1),
	(88, 'Dennis Jast', 'myra.considine@example.com', NULL, NULL, '2023-03-15 05:04:44', '$2y$10$92IXUNpkjO0rOQ5byMi.Ye4oKoEa3Ro9llC/.og/at2.uheWG/igi', 2, '247BKvqldo', '2023-03-15 05:04:44', '2023-03-15 05:04:44', 1),
	(89, 'Rosa Blanda', 'cassin.jerald@example.com', NULL, NULL, '2023-03-15 05:04:44', '$2y$10$92IXUNpkjO0rOQ5byMi.Ye4oKoEa3Ro9llC/.og/at2.uheWG/igi', 2, 'I2mMaESPKI', '2023-03-15 05:04:44', '2023-03-15 05:04:44', 1),
	(90, 'Warren Borer Sr.', 'cartwright.eric@example.net', NULL, NULL, '2023-03-15 05:04:44', '$2y$10$92IXUNpkjO0rOQ5byMi.Ye4oKoEa3Ro9llC/.og/at2.uheWG/igi', 2, 'zsG9YrwQRo', '2023-03-15 05:04:44', '2023-03-15 05:04:44', 1),
	(91, 'Jevon Hand', 'chelsea76@example.net', NULL, NULL, '2023-03-15 05:04:44', '$2y$10$92IXUNpkjO0rOQ5byMi.Ye4oKoEa3Ro9llC/.og/at2.uheWG/igi', 2, 'dZApbcUZRt', '2023-03-15 05:04:44', '2023-03-15 05:04:44', 1),
	(92, 'Emmanuel Kub', 'keshaun22@example.org', NULL, NULL, '2023-03-15 05:04:44', '$2y$10$92IXUNpkjO0rOQ5byMi.Ye4oKoEa3Ro9llC/.og/at2.uheWG/igi', 2, '7GCjlfQumv', '2023-03-15 05:04:44', '2023-03-15 05:04:44', 1),
	(93, 'Constantin Walter', 'thelma.ritchie@example.net', NULL, NULL, '2023-03-15 05:04:44', '$2y$10$92IXUNpkjO0rOQ5byMi.Ye4oKoEa3Ro9llC/.og/at2.uheWG/igi', 2, 'Y2MXWbw9bd', '2023-03-15 05:04:44', '2023-03-15 05:04:44', 1),
	(94, 'Prof. Christop O\'Keefe', 'judy.waters@example.org', NULL, NULL, '2023-03-15 05:04:44', '$2y$10$92IXUNpkjO0rOQ5byMi.Ye4oKoEa3Ro9llC/.og/at2.uheWG/igi', 2, 'IcaSdHjGfF', '2023-03-15 05:04:44', '2023-03-15 05:04:44', 1),
	(95, 'Tobin DuBuque I', 'reinger.erika@example.net', NULL, NULL, '2023-03-15 05:04:44', '$2y$10$92IXUNpkjO0rOQ5byMi.Ye4oKoEa3Ro9llC/.og/at2.uheWG/igi', 2, 'sTqN547ZoT', '2023-03-15 05:04:44', '2023-03-15 05:04:44', 1),
	(96, 'Ezekiel Schroeder IV', 'laura05@example.com', NULL, NULL, '2023-03-15 05:04:44', '$2y$10$92IXUNpkjO0rOQ5byMi.Ye4oKoEa3Ro9llC/.og/at2.uheWG/igi', 2, '4YMfFlAyjh', '2023-03-15 05:04:44', '2023-03-15 05:04:44', 1),
	(97, 'Garnett Cronin', 'letitia.keebler@example.net', NULL, NULL, '2023-03-15 05:04:44', '$2y$10$92IXUNpkjO0rOQ5byMi.Ye4oKoEa3Ro9llC/.og/at2.uheWG/igi', 2, 'N9tEHRw2r8', '2023-03-15 05:04:44', '2023-03-15 05:04:44', 1),
	(98, 'Marcus Kiehn Jr.', 'alfredo56@example.org', NULL, NULL, '2023-03-15 05:04:44', '$2y$10$92IXUNpkjO0rOQ5byMi.Ye4oKoEa3Ro9llC/.og/at2.uheWG/igi', 2, 'cN9s8zT6fa', '2023-03-15 05:04:44', '2023-03-15 05:04:44', 1),
	(99, 'Antonette Williamson Sr.', 'jarrod.marks@example.com', NULL, NULL, '2023-03-15 05:04:44', '$2y$10$92IXUNpkjO0rOQ5byMi.Ye4oKoEa3Ro9llC/.og/at2.uheWG/igi', 2, 'Q8yvIl5mOw', '2023-03-15 05:04:44', '2023-03-15 05:04:44', 1),
	(100, 'Libby Kunze', 'karelle.pagac@example.com', NULL, NULL, '2023-03-15 05:04:44', '$2y$10$92IXUNpkjO0rOQ5byMi.Ye4oKoEa3Ro9llC/.og/at2.uheWG/igi', 2, 'PShHmmULW7', '2023-03-15 05:04:44', '2023-03-15 05:04:44', 1),
	(101, 'Mr. Wendell Stark', 'stanton.mikel@example.org', NULL, NULL, '2023-03-15 05:04:44', '$2y$10$92IXUNpkjO0rOQ5byMi.Ye4oKoEa3Ro9llC/.og/at2.uheWG/igi', 2, 'vPaOTARHZP', '2023-03-15 05:04:44', '2023-03-15 05:04:44', 1),
	(102, 'Vesta Ward', 'delia76@example.com', NULL, NULL, '2023-03-15 05:04:44', '$2y$10$92IXUNpkjO0rOQ5byMi.Ye4oKoEa3Ro9llC/.og/at2.uheWG/igi', 2, 'DQUHllqAqg', '2023-03-15 05:04:44', '2023-03-15 05:04:44', 1),
	(103, 'Natalia McDermott', 'assunta.mante@example.net', NULL, NULL, '2023-03-15 05:04:44', '$2y$10$92IXUNpkjO0rOQ5byMi.Ye4oKoEa3Ro9llC/.og/at2.uheWG/igi', 2, 'Bj8qmoTqdS', '2023-03-15 05:04:44', '2023-03-15 05:04:44', 1),
	(104, 'Lennie Grimes', 'koepp.cielo@example.org', NULL, NULL, '2023-03-15 05:04:44', '$2y$10$92IXUNpkjO0rOQ5byMi.Ye4oKoEa3Ro9llC/.og/at2.uheWG/igi', 2, 'SCBXLIk2Qo', '2023-03-15 05:04:44', '2023-03-15 05:04:44', 1),
	(105, 'Prof. Jalon Bednar I', 'ritchie.mark@example.net', NULL, NULL, '2023-03-15 05:04:44', '$2y$10$92IXUNpkjO0rOQ5byMi.Ye4oKoEa3Ro9llC/.og/at2.uheWG/igi', 2, 'eBFqMq272i', '2023-03-15 05:04:44', '2023-03-15 05:04:44', 1),
	(106, 'Trevion Roberts', 'jakubowski.retha@example.org', NULL, NULL, '2023-03-15 05:04:44', '$2y$10$92IXUNpkjO0rOQ5byMi.Ye4oKoEa3Ro9llC/.og/at2.uheWG/igi', 2, 'i5Dv0BcqEw', '2023-03-15 05:04:44', '2023-03-15 05:04:44', 1),
	(107, 'Mrs. Susan Schultz MD', 'nicolas.dimitri@example.org', NULL, NULL, '2023-03-15 05:04:44', '$2y$10$92IXUNpkjO0rOQ5byMi.Ye4oKoEa3Ro9llC/.og/at2.uheWG/igi', 2, '3tpb2UdECY', '2023-03-15 05:04:44', '2023-03-15 05:04:44', 1),
	(108, 'Mrs. Letitia Gaylord Sr.', 'eichmann.alfredo@example.org', NULL, NULL, '2023-03-15 05:04:44', '$2y$10$92IXUNpkjO0rOQ5byMi.Ye4oKoEa3Ro9llC/.og/at2.uheWG/igi', 2, 'AUV3rrjUC5', '2023-03-15 05:04:44', '2023-03-15 05:04:44', 1),
	(109, 'Margot Hodkiewicz', 'marques.miller@example.com', NULL, NULL, '2023-03-15 05:04:44', '$2y$10$92IXUNpkjO0rOQ5byMi.Ye4oKoEa3Ro9llC/.og/at2.uheWG/igi', 2, 'jxKmns5MTu', '2023-03-15 05:04:44', '2023-03-15 05:04:44', 1),
	(110, 'Dr. Nikolas Schuppe', 'elockman@example.net', NULL, NULL, '2023-03-15 05:04:44', '$2y$10$92IXUNpkjO0rOQ5byMi.Ye4oKoEa3Ro9llC/.og/at2.uheWG/igi', 2, 'JeDa6xM5bN', '2023-03-15 05:04:44', '2023-03-15 05:04:44', 1),
	(111, 'Telly Schuster', 'miller.milan@example.net', NULL, NULL, '2023-03-15 05:04:44', '$2y$10$92IXUNpkjO0rOQ5byMi.Ye4oKoEa3Ro9llC/.og/at2.uheWG/igi', 2, 'eLhhQNB9EN', '2023-03-15 05:04:44', '2023-03-15 05:04:44', 1),
	(112, 'Clemens Farrell', 'doyle.enola@example.com', NULL, NULL, '2023-03-15 05:04:44', '$2y$10$92IXUNpkjO0rOQ5byMi.Ye4oKoEa3Ro9llC/.og/at2.uheWG/igi', 2, 'pg8trYlPAI', '2023-03-15 05:04:44', '2023-03-15 05:04:44', 1),
	(113, 'Terrell Goldner', 'oward@example.com', NULL, NULL, '2023-03-15 05:04:44', '$2y$10$92IXUNpkjO0rOQ5byMi.Ye4oKoEa3Ro9llC/.og/at2.uheWG/igi', 2, '3cVhdk5s61', '2023-03-15 05:04:44', '2023-03-15 05:04:44', 1),
	(114, 'Jolie Dibbert', 'dmurazik@example.com', NULL, NULL, '2023-03-15 05:04:44', '$2y$10$92IXUNpkjO0rOQ5byMi.Ye4oKoEa3Ro9llC/.og/at2.uheWG/igi', 2, 'aVIZbrFP36', '2023-03-15 05:04:44', '2023-03-15 05:04:44', 1),
	(115, 'Tomasa Rosenbaum', 'murray.stephania@example.net', NULL, NULL, '2023-03-15 05:04:44', '$2y$10$92IXUNpkjO0rOQ5byMi.Ye4oKoEa3Ro9llC/.og/at2.uheWG/igi', 2, 'ThUb79AKhW', '2023-03-15 05:04:44', '2023-03-15 05:04:44', 1),
	(116, 'Cristina Price MD', 'gussie.rolfson@example.com', NULL, NULL, '2023-03-15 05:04:44', '$2y$10$92IXUNpkjO0rOQ5byMi.Ye4oKoEa3Ro9llC/.og/at2.uheWG/igi', 2, 'GTjnYYPSBA', '2023-03-15 05:04:44', '2023-03-15 05:04:44', 1),
	(117, 'Mya Bednar', 'rashad.stokes@example.org', NULL, NULL, '2023-03-15 05:04:44', '$2y$10$92IXUNpkjO0rOQ5byMi.Ye4oKoEa3Ro9llC/.og/at2.uheWG/igi', 2, 'GnBt7HoRHH', '2023-03-15 05:04:44', '2023-03-15 05:04:44', 1),
	(118, 'Troy Bernhard PhD', 'nikolaus.mandy@example.org', NULL, NULL, '2023-03-15 05:04:44', '$2y$10$92IXUNpkjO0rOQ5byMi.Ye4oKoEa3Ro9llC/.og/at2.uheWG/igi', 2, 'HyMNbId57B', '2023-03-15 05:04:44', '2023-03-15 05:04:44', 1),
	(119, 'Berta Price V', 'chet.koch@example.com', NULL, NULL, '2023-03-15 05:04:44', '$2y$10$92IXUNpkjO0rOQ5byMi.Ye4oKoEa3Ro9llC/.og/at2.uheWG/igi', 2, 'lGVMXQ3z0y', '2023-03-15 05:04:44', '2023-03-15 05:04:44', 1),
	(120, 'Antonette Maggio II', 'orville.schumm@example.org', NULL, NULL, '2023-03-15 05:04:44', '$2y$10$92IXUNpkjO0rOQ5byMi.Ye4oKoEa3Ro9llC/.og/at2.uheWG/igi', 2, 'dEWdk117gp', '2023-03-15 05:04:44', '2023-03-15 05:04:44', 1),
	(121, 'Melany Rath', 'nova01@example.org', NULL, NULL, '2023-03-15 05:04:44', '$2y$10$92IXUNpkjO0rOQ5byMi.Ye4oKoEa3Ro9llC/.og/at2.uheWG/igi', 2, '4kZGSIkhtc', '2023-03-15 05:04:44', '2023-03-15 05:04:44', 1),
	(122, 'Ms. Patience Boyle', 'amina63@example.org', NULL, NULL, '2023-03-15 05:04:44', '$2y$10$92IXUNpkjO0rOQ5byMi.Ye4oKoEa3Ro9llC/.og/at2.uheWG/igi', 2, '7zzzz6hCX5', '2023-03-15 05:04:44', '2023-03-15 05:04:44', 1),
	(123, 'Faye Turcotte', 'banderson@example.com', NULL, NULL, '2023-03-15 05:04:44', '$2y$10$92IXUNpkjO0rOQ5byMi.Ye4oKoEa3Ro9llC/.og/at2.uheWG/igi', 2, 'mdNCpGiJAH', '2023-03-15 05:04:44', '2023-03-15 05:04:44', 1),
	(124, 'Dr. Abby Hahn', 'raynor.sydni@example.org', NULL, NULL, '2023-03-15 05:04:44', '$2y$10$92IXUNpkjO0rOQ5byMi.Ye4oKoEa3Ro9llC/.og/at2.uheWG/igi', 2, 'LBbfoSjcpP', '2023-03-15 05:04:44', '2023-03-15 05:04:44', 1),
	(125, 'Leonor Carter Jr.', 'junior53@example.net', NULL, NULL, '2023-03-15 05:04:44', '$2y$10$92IXUNpkjO0rOQ5byMi.Ye4oKoEa3Ro9llC/.og/at2.uheWG/igi', 2, 'nFJxqHt1w6', '2023-03-15 05:04:44', '2023-03-15 05:04:44', 1),
	(126, 'Mrs. Cortney Legros II', 'lockman.jevon@example.com', NULL, NULL, '2023-03-15 05:04:44', '$2y$10$92IXUNpkjO0rOQ5byMi.Ye4oKoEa3Ro9llC/.og/at2.uheWG/igi', 2, 'NgH7usAabj', '2023-03-15 05:04:44', '2023-03-15 05:04:44', 1),
	(127, 'Shanelle Greenfelder I', 'kub.jack@example.com', NULL, NULL, '2023-03-15 05:04:44', '$2y$10$92IXUNpkjO0rOQ5byMi.Ye4oKoEa3Ro9llC/.og/at2.uheWG/igi', 2, 'wb4oiOwLlP', '2023-03-15 05:04:44', '2023-03-15 05:04:44', 1),
	(128, 'Gillian Wintheiser', 'romaguera.ashleigh@example.org', NULL, NULL, '2023-03-15 05:04:44', '$2y$10$92IXUNpkjO0rOQ5byMi.Ye4oKoEa3Ro9llC/.og/at2.uheWG/igi', 2, 'I5pVXpvnUQ', '2023-03-15 05:04:44', '2023-03-15 05:04:44', 1),
	(129, 'Prof. Ebba Rempel DDS', 'kody20@example.net', NULL, NULL, '2023-03-15 05:04:44', '$2y$10$92IXUNpkjO0rOQ5byMi.Ye4oKoEa3Ro9llC/.og/at2.uheWG/igi', 2, 'jaGRdv2eVG', '2023-03-15 05:04:44', '2023-03-15 05:04:44', 1),
	(130, 'Paxton Schaefer', 'erdman.wilburn@example.net', NULL, NULL, '2023-03-15 05:04:44', '$2y$10$92IXUNpkjO0rOQ5byMi.Ye4oKoEa3Ro9llC/.og/at2.uheWG/igi', 2, 'S8CMKrfk0u', '2023-03-15 05:04:44', '2023-03-15 05:04:44', 1),
	(131, 'Carmine Schiller', 'kamren15@example.net', NULL, NULL, '2023-03-15 05:04:44', '$2y$10$92IXUNpkjO0rOQ5byMi.Ye4oKoEa3Ro9llC/.og/at2.uheWG/igi', 2, 'rEDTFLlxAQ', '2023-03-15 05:04:44', '2023-03-15 05:04:44', 1),
	(132, 'Kaylah Murphy', 'alexys.schultz@example.com', NULL, NULL, '2023-03-15 05:04:44', '$2y$10$92IXUNpkjO0rOQ5byMi.Ye4oKoEa3Ro9llC/.og/at2.uheWG/igi', 2, 'FR8dyYlRMy', '2023-03-15 05:04:44', '2023-03-15 05:04:44', 1),
	(133, 'Miller Vandervort', 'ana.rolfson@example.net', NULL, NULL, '2023-03-15 05:04:44', '$2y$10$92IXUNpkjO0rOQ5byMi.Ye4oKoEa3Ro9llC/.og/at2.uheWG/igi', 2, 'jMdafn0dqN', '2023-03-15 05:04:44', '2023-03-15 05:04:44', 1),
	(134, 'Piper Champlin', 'sven.douglas@example.org', NULL, NULL, '2023-03-15 05:04:44', '$2y$10$92IXUNpkjO0rOQ5byMi.Ye4oKoEa3Ro9llC/.og/at2.uheWG/igi', 2, 'F2aAg8U8nz', '2023-03-15 05:04:44', '2023-03-15 05:04:44', 1),
	(135, 'Dr. Fred Kerluke', 'dane.heaney@example.net', NULL, NULL, '2023-03-15 05:04:44', '$2y$10$92IXUNpkjO0rOQ5byMi.Ye4oKoEa3Ro9llC/.og/at2.uheWG/igi', 2, 'Icm4DgWSE1', '2023-03-15 05:04:44', '2023-03-15 05:04:44', 1),
	(136, 'Prof. Dillan Wyman DDS', 'mayert.devonte@example.com', NULL, NULL, '2023-03-15 05:04:44', '$2y$10$92IXUNpkjO0rOQ5byMi.Ye4oKoEa3Ro9llC/.og/at2.uheWG/igi', 2, 'IBFS7tnkDh', '2023-03-15 05:04:44', '2023-03-15 05:04:44', 1),
	(137, 'Demarcus Gleichner', 'herman.emmerich@example.org', NULL, NULL, '2023-03-15 05:04:44', '$2y$10$92IXUNpkjO0rOQ5byMi.Ye4oKoEa3Ro9llC/.og/at2.uheWG/igi', 2, 'Bzeo4bUM6r', '2023-03-15 05:04:44', '2023-03-15 05:04:44', 1),
	(138, 'Miss Olga Nader I', 'alex.schaden@example.net', NULL, NULL, '2023-03-15 05:04:44', '$2y$10$92IXUNpkjO0rOQ5byMi.Ye4oKoEa3Ro9llC/.og/at2.uheWG/igi', 2, 'jePTOYDT7S', '2023-03-15 05:04:44', '2023-03-15 05:04:44', 1),
	(139, 'Mrs. Nicole Cronin DVM', 'kayley93@example.net', NULL, NULL, '2023-03-15 05:04:44', '$2y$10$92IXUNpkjO0rOQ5byMi.Ye4oKoEa3Ro9llC/.og/at2.uheWG/igi', 2, 'kKBgfUaLlk', '2023-03-15 05:04:44', '2023-03-15 05:04:44', 1),
	(140, 'Asa Pollich', 'justine.breitenberg@example.org', NULL, NULL, '2023-03-15 05:04:44', '$2y$10$92IXUNpkjO0rOQ5byMi.Ye4oKoEa3Ro9llC/.og/at2.uheWG/igi', 2, '642pWaPlyr', '2023-03-15 05:04:44', '2023-03-15 05:04:44', 1),
	(141, 'Nicolette Green', 'arlo.casper@example.com', NULL, NULL, '2023-03-15 05:04:44', '$2y$10$92IXUNpkjO0rOQ5byMi.Ye4oKoEa3Ro9llC/.og/at2.uheWG/igi', 2, 'S30xXdtQIS', '2023-03-15 05:04:44', '2023-03-15 05:04:44', 1),
	(142, 'Naomi Wisoky', 'elouise12@example.org', NULL, NULL, '2023-03-15 05:04:44', '$2y$10$92IXUNpkjO0rOQ5byMi.Ye4oKoEa3Ro9llC/.og/at2.uheWG/igi', 2, 'hmlT3uQxZY', '2023-03-15 05:04:44', '2023-03-15 05:04:44', 1),
	(143, 'Dr. Khalid Auer IV', 'damore.jolie@example.com', NULL, NULL, '2023-03-15 05:04:44', '$2y$10$92IXUNpkjO0rOQ5byMi.Ye4oKoEa3Ro9llC/.og/at2.uheWG/igi', 2, 'B4Ha1SE7XF', '2023-03-15 05:04:44', '2023-03-15 05:04:44', 1),
	(144, 'Alva Homenick', 'pfannerstill.brook@example.org', NULL, NULL, '2023-03-15 05:04:44', '$2y$10$92IXUNpkjO0rOQ5byMi.Ye4oKoEa3Ro9llC/.og/at2.uheWG/igi', 2, 'zWOQoMHn5u', '2023-03-15 05:04:44', '2023-03-15 05:04:44', 1),
	(145, 'Flavio Aufderhar', 'halie.carter@example.com', NULL, NULL, '2023-03-15 05:04:44', '$2y$10$92IXUNpkjO0rOQ5byMi.Ye4oKoEa3Ro9llC/.og/at2.uheWG/igi', 2, 'fu7OPHzQYa', '2023-03-15 05:04:44', '2023-03-15 05:04:44', 1),
	(146, 'Jerrell Graham', 'adams.carolyne@example.org', NULL, NULL, '2023-03-15 05:04:44', '$2y$10$92IXUNpkjO0rOQ5byMi.Ye4oKoEa3Ro9llC/.og/at2.uheWG/igi', 2, '8EyAxUOhNX', '2023-03-15 05:04:44', '2023-03-15 05:04:44', 1),
	(147, 'Prof. Haylee Hintz', 'ezekiel.wyman@example.net', NULL, NULL, '2023-03-15 05:04:44', '$2y$10$92IXUNpkjO0rOQ5byMi.Ye4oKoEa3Ro9llC/.og/at2.uheWG/igi', 2, 'bRu9Xajpnh', '2023-03-15 05:04:44', '2023-03-15 05:04:44', 1),
	(148, 'Delia Thompson', 'metz.boyd@example.com', NULL, NULL, '2023-03-15 05:04:44', '$2y$10$92IXUNpkjO0rOQ5byMi.Ye4oKoEa3Ro9llC/.og/at2.uheWG/igi', 2, 'EWCYflD2Oq', '2023-03-15 05:04:44', '2023-03-15 05:04:44', 1),
	(149, 'Mark Hills', 'floyd91@example.net', NULL, NULL, '2023-03-15 05:04:44', '$2y$10$92IXUNpkjO0rOQ5byMi.Ye4oKoEa3Ro9llC/.og/at2.uheWG/igi', 2, '7RdQInzkS8', '2023-03-15 05:04:44', '2023-03-15 05:04:44', 1),
	(150, 'Shea Turner', 'delaney.senger@example.org', NULL, NULL, '2023-03-15 05:04:44', '$2y$10$92IXUNpkjO0rOQ5byMi.Ye4oKoEa3Ro9llC/.og/at2.uheWG/igi', 2, 'VfkR53J1aB', '2023-03-15 05:04:44', '2023-03-15 05:04:44', 1),
	(151, 'Citlalli Bartoletti', 'torphy.gwendolyn@example.org', NULL, NULL, '2023-03-15 05:04:44', '$2y$10$92IXUNpkjO0rOQ5byMi.Ye4oKoEa3Ro9llC/.og/at2.uheWG/igi', 2, 'dH9TqYiOg2', '2023-03-15 05:04:44', '2023-03-15 05:04:44', 1),
	(152, 'Milo Bogisich', 'hunter.schulist@example.net', NULL, NULL, '2023-03-15 05:04:44', '$2y$10$92IXUNpkjO0rOQ5byMi.Ye4oKoEa3Ro9llC/.og/at2.uheWG/igi', 2, 'vOK9UiYKhs', '2023-03-15 05:04:44', '2023-03-15 05:04:44', 1),
	(153, 'Prof. Ludie Gaylord II', 'jerde.shaina@example.net', NULL, NULL, '2023-03-15 05:04:44', '$2y$10$92IXUNpkjO0rOQ5byMi.Ye4oKoEa3Ro9llC/.og/at2.uheWG/igi', 2, 'deGRizljHj', '2023-03-15 05:04:44', '2023-03-15 05:04:44', 1),
	(154, 'Miss Verlie Considine PhD', 'vernon.senger@example.net', NULL, NULL, '2023-03-15 05:04:44', '$2y$10$92IXUNpkjO0rOQ5byMi.Ye4oKoEa3Ro9llC/.og/at2.uheWG/igi', 2, '1ZQust1ceF', '2023-03-15 05:04:44', '2023-03-15 05:04:44', 1),
	(155, 'Bailee Krajcik', 'keon18@example.net', NULL, NULL, '2023-03-15 05:04:44', '$2y$10$92IXUNpkjO0rOQ5byMi.Ye4oKoEa3Ro9llC/.og/at2.uheWG/igi', 2, '0wYYR5lQOV', '2023-03-15 05:04:44', '2023-03-15 05:04:44', 1),
	(156, 'Dr. Aidan Ritchie', 'alex.tillman@example.org', NULL, NULL, '2023-03-15 05:04:44', '$2y$10$92IXUNpkjO0rOQ5byMi.Ye4oKoEa3Ro9llC/.og/at2.uheWG/igi', 2, 'IkCtK9Tfp5', '2023-03-15 05:04:44', '2023-03-15 05:04:44', 1),
	(157, 'Bernadette McKenzie', 'hsipes@example.org', NULL, NULL, '2023-03-15 05:04:44', '$2y$10$92IXUNpkjO0rOQ5byMi.Ye4oKoEa3Ro9llC/.og/at2.uheWG/igi', 2, '2qSV03iabM', '2023-03-15 05:04:44', '2023-03-15 05:04:44', 1),
	(158, 'Dolores Larkin MD', 'dennis81@example.org', NULL, NULL, '2023-03-15 05:04:44', '$2y$10$92IXUNpkjO0rOQ5byMi.Ye4oKoEa3Ro9llC/.og/at2.uheWG/igi', 2, 'eNsHmde3AF', '2023-03-15 05:04:44', '2023-03-15 05:04:44', 1),
	(159, 'Dr. Assunta Mitchell V', 'mclaughlin.constantin@example.com', NULL, NULL, '2023-03-15 05:04:44', '$2y$10$92IXUNpkjO0rOQ5byMi.Ye4oKoEa3Ro9llC/.og/at2.uheWG/igi', 2, '2mRQZPWMXV', '2023-03-15 05:04:44', '2023-03-15 05:04:44', 1),
	(160, 'Elmore Johnston', 'mariah82@example.org', NULL, NULL, '2023-03-15 05:04:44', '$2y$10$92IXUNpkjO0rOQ5byMi.Ye4oKoEa3Ro9llC/.og/at2.uheWG/igi', 2, 'vFb8fQdPZI', '2023-03-15 05:04:44', '2023-03-15 05:04:44', 1),
	(161, 'Roberto Price', 'agustin32@example.org', NULL, NULL, '2023-03-15 05:04:44', '$2y$10$92IXUNpkjO0rOQ5byMi.Ye4oKoEa3Ro9llC/.og/at2.uheWG/igi', 2, 'Npgnp4vVcE', '2023-03-15 05:04:44', '2023-03-15 05:04:44', 1),
	(162, 'Earline Schneider', 'dillan.cormier@example.org', NULL, NULL, '2023-03-15 05:04:44', '$2y$10$92IXUNpkjO0rOQ5byMi.Ye4oKoEa3Ro9llC/.og/at2.uheWG/igi', 2, 'QlzEDNDwAe', '2023-03-15 05:04:44', '2023-03-15 05:04:44', 1),
	(163, 'Leola Braun', 'hipolito.kiehn@example.com', NULL, NULL, '2023-03-15 05:04:44', '$2y$10$92IXUNpkjO0rOQ5byMi.Ye4oKoEa3Ro9llC/.og/at2.uheWG/igi', 2, 'm53FCi2928', '2023-03-15 05:04:44', '2023-03-15 05:04:44', 1),
	(164, 'Justice Hayes', 'ijohns@example.net', NULL, NULL, '2023-03-15 05:04:44', '$2y$10$92IXUNpkjO0rOQ5byMi.Ye4oKoEa3Ro9llC/.og/at2.uheWG/igi', 2, 'tyLOpCoMzl', '2023-03-15 05:04:44', '2023-03-15 05:04:44', 1),
	(165, 'Danielle Hamill', 'margarett64@example.org', NULL, NULL, '2023-03-15 05:04:44', '$2y$10$92IXUNpkjO0rOQ5byMi.Ye4oKoEa3Ro9llC/.og/at2.uheWG/igi', 2, 'BitjIWYIwm', '2023-03-15 05:04:44', '2023-03-15 05:04:44', 1),
	(166, 'Earnestine Abshire', 'luigi.mraz@example.net', NULL, NULL, '2023-03-15 05:04:44', '$2y$10$92IXUNpkjO0rOQ5byMi.Ye4oKoEa3Ro9llC/.og/at2.uheWG/igi', 2, 'P7zlE7vRpc', '2023-03-15 05:04:44', '2023-03-15 05:04:44', 1),
	(167, 'Prof. Paolo Greenholt DVM', 'jerel.price@example.net', NULL, NULL, '2023-03-15 05:04:44', '$2y$10$92IXUNpkjO0rOQ5byMi.Ye4oKoEa3Ro9llC/.og/at2.uheWG/igi', 2, 'qnGH3i7BDv', '2023-03-15 05:04:44', '2023-03-15 05:04:44', 1),
	(168, 'River Morissette Sr.', 'eliza.hauck@example.net', NULL, NULL, '2023-03-15 05:04:44', '$2y$10$92IXUNpkjO0rOQ5byMi.Ye4oKoEa3Ro9llC/.og/at2.uheWG/igi', 2, '0cYePS47Qg', '2023-03-15 05:04:44', '2023-03-15 05:04:44', 1),
	(169, 'Malika Wiegand MD', 'tmurphy@example.net', NULL, NULL, '2023-03-15 05:04:44', '$2y$10$92IXUNpkjO0rOQ5byMi.Ye4oKoEa3Ro9llC/.og/at2.uheWG/igi', 2, 'xRj1kFZcQi', '2023-03-15 05:04:44', '2023-03-15 05:04:44', 1),
	(170, 'Tyrell Turcotte I', 'rosendo74@example.com', NULL, NULL, '2023-03-15 05:04:44', '$2y$10$92IXUNpkjO0rOQ5byMi.Ye4oKoEa3Ro9llC/.og/at2.uheWG/igi', 2, 'zhwWBOPCua', '2023-03-15 05:04:44', '2023-03-15 05:04:44', 1),
	(171, 'Marilyne Kling', 'john.will@example.org', NULL, NULL, '2023-03-15 05:04:44', '$2y$10$92IXUNpkjO0rOQ5byMi.Ye4oKoEa3Ro9llC/.og/at2.uheWG/igi', 2, '4ti5eB9fdE', '2023-03-15 05:04:44', '2023-03-15 05:04:44', 1),
	(172, 'Mitchel Lebsack IV', 'gibson.blaze@example.org', NULL, NULL, '2023-03-15 05:04:44', '$2y$10$92IXUNpkjO0rOQ5byMi.Ye4oKoEa3Ro9llC/.og/at2.uheWG/igi', 2, 'UQm1bbhLOu', '2023-03-15 05:04:44', '2023-03-15 05:04:44', 1),
	(173, 'Mrs. Thea Lindgren', 'broderick.halvorson@example.org', NULL, NULL, '2023-03-15 05:04:44', '$2y$10$92IXUNpkjO0rOQ5byMi.Ye4oKoEa3Ro9llC/.og/at2.uheWG/igi', 2, 'K4AmP7RARn', '2023-03-15 05:04:44', '2023-03-15 05:04:44', 1),
	(174, 'Miss Carlotta Shields', 'murray.delmer@example.com', NULL, NULL, '2023-03-15 05:04:44', '$2y$10$92IXUNpkjO0rOQ5byMi.Ye4oKoEa3Ro9llC/.og/at2.uheWG/igi', 2, 'MVD1AkjAaA', '2023-03-15 05:04:44', '2023-03-15 05:04:44', 1),
	(175, 'Amiya Bauch Jr.', 'carolyn.pfannerstill@example.com', NULL, NULL, '2023-03-15 05:04:44', '$2y$10$92IXUNpkjO0rOQ5byMi.Ye4oKoEa3Ro9llC/.og/at2.uheWG/igi', 2, 'DFhIa2d6Dk', '2023-03-15 05:04:44', '2023-03-15 05:04:44', 1),
	(176, 'Greta Koepp', 'ned69@example.com', NULL, NULL, '2023-03-15 05:04:44', '$2y$10$92IXUNpkjO0rOQ5byMi.Ye4oKoEa3Ro9llC/.og/at2.uheWG/igi', 2, 'Qb488Y6T0P', '2023-03-15 05:04:44', '2023-03-15 05:04:44', 1),
	(177, 'Lemuel Hodkiewicz', 'savannah.torphy@example.com', NULL, NULL, '2023-03-15 05:04:44', '$2y$10$92IXUNpkjO0rOQ5byMi.Ye4oKoEa3Ro9llC/.og/at2.uheWG/igi', 2, 'EF9ujLWd5Z', '2023-03-15 05:04:44', '2023-03-15 05:04:44', 1),
	(178, 'Prof. Elza Keeling', 'cortney.waelchi@example.com', NULL, NULL, '2023-03-15 05:04:44', '$2y$10$92IXUNpkjO0rOQ5byMi.Ye4oKoEa3Ro9llC/.og/at2.uheWG/igi', 2, 'QOLRfV6Fyt', '2023-03-15 05:04:44', '2023-03-15 05:04:44', 1),
	(179, 'Olin Bernier', 'maya.mohr@example.net', NULL, NULL, '2023-03-15 05:04:44', '$2y$10$92IXUNpkjO0rOQ5byMi.Ye4oKoEa3Ro9llC/.og/at2.uheWG/igi', 2, 'ywfWfNUCle', '2023-03-15 05:04:44', '2023-03-15 05:04:44', 1),
	(180, 'Dr. Dwight Rowe', 'mitchel.jones@example.org', NULL, NULL, '2023-03-15 05:04:44', '$2y$10$92IXUNpkjO0rOQ5byMi.Ye4oKoEa3Ro9llC/.og/at2.uheWG/igi', 2, 'LxUIuTLPeA', '2023-03-15 05:04:44', '2023-03-15 05:04:44', 1),
	(181, 'Jacklyn Franecki II', 'jazlyn.ritchie@example.com', NULL, NULL, '2023-03-15 05:04:44', '$2y$10$92IXUNpkjO0rOQ5byMi.Ye4oKoEa3Ro9llC/.og/at2.uheWG/igi', 2, '2lo7NZqrNI', '2023-03-15 05:04:44', '2023-03-15 05:04:44', 1),
	(182, 'Arnold Powlowski', 'emiliano75@example.org', NULL, NULL, '2023-03-15 05:04:44', '$2y$10$92IXUNpkjO0rOQ5byMi.Ye4oKoEa3Ro9llC/.og/at2.uheWG/igi', 2, 'Vaejaqgb3c', '2023-03-15 05:04:44', '2023-03-15 05:04:44', 1),
	(183, 'Eric Kutch', 'beryl47@example.com', NULL, NULL, '2023-03-15 05:04:44', '$2y$10$92IXUNpkjO0rOQ5byMi.Ye4oKoEa3Ro9llC/.og/at2.uheWG/igi', 2, 'nfdsKYuu8X', '2023-03-15 05:04:44', '2023-03-15 05:04:44', 1),
	(184, 'Anais Crooks', 'lehner.doyle@example.com', NULL, NULL, '2023-03-15 05:04:44', '$2y$10$92IXUNpkjO0rOQ5byMi.Ye4oKoEa3Ro9llC/.og/at2.uheWG/igi', 2, 'Ny7tqilOcY', '2023-03-15 05:04:44', '2023-03-15 05:04:44', 1),
	(185, 'Clemmie Graham', 'everette.kreiger@example.net', NULL, NULL, '2023-03-15 05:04:44', '$2y$10$92IXUNpkjO0rOQ5byMi.Ye4oKoEa3Ro9llC/.og/at2.uheWG/igi', 2, 'f2qJGTgRB7', '2023-03-15 05:04:44', '2023-03-15 05:04:44', 1),
	(186, 'Ephraim Rice V', 'sanford.enrico@example.net', NULL, NULL, '2023-03-15 05:04:44', '$2y$10$92IXUNpkjO0rOQ5byMi.Ye4oKoEa3Ro9llC/.og/at2.uheWG/igi', 2, '1WYC7izoqJ', '2023-03-15 05:04:44', '2023-03-15 05:04:44', 1),
	(187, 'Erica Wilderman', 'ktillman@example.org', NULL, NULL, '2023-03-15 05:04:44', '$2y$10$92IXUNpkjO0rOQ5byMi.Ye4oKoEa3Ro9llC/.og/at2.uheWG/igi', 2, 'cJ2WTYOvtZ', '2023-03-15 05:04:44', '2023-03-15 05:04:44', 1),
	(188, 'Dr. Delilah Sporer', 'corbin.goodwin@example.net', NULL, NULL, '2023-03-15 05:04:44', '$2y$10$92IXUNpkjO0rOQ5byMi.Ye4oKoEa3Ro9llC/.og/at2.uheWG/igi', 2, 'QhuddQpXNt', '2023-03-15 05:04:44', '2023-03-15 05:04:44', 1),
	(189, 'Austyn Blanda Jr.', 'adolphus97@example.org', NULL, NULL, '2023-03-15 05:04:44', '$2y$10$92IXUNpkjO0rOQ5byMi.Ye4oKoEa3Ro9llC/.og/at2.uheWG/igi', 2, 'UhUwp2r5Jp', '2023-03-15 05:04:44', '2023-03-15 05:04:44', 1),
	(190, 'Prof. Eddie Windler', 'francis57@example.net', NULL, NULL, '2023-03-15 05:04:44', '$2y$10$92IXUNpkjO0rOQ5byMi.Ye4oKoEa3Ro9llC/.og/at2.uheWG/igi', 2, 'rjyfjF6UQk', '2023-03-15 05:04:44', '2023-03-15 05:04:44', 1),
	(191, 'Orion Hills I', 'nannie63@example.com', NULL, NULL, '2023-03-15 05:04:44', '$2y$10$92IXUNpkjO0rOQ5byMi.Ye4oKoEa3Ro9llC/.og/at2.uheWG/igi', 2, 'VciU6s014k', '2023-03-15 05:04:44', '2023-03-15 05:04:44', 1),
	(192, 'Victor Pfeffer I', 'kristina.lehner@example.net', NULL, NULL, '2023-03-15 05:04:44', '$2y$10$92IXUNpkjO0rOQ5byMi.Ye4oKoEa3Ro9llC/.og/at2.uheWG/igi', 2, '6HRdpW5Nhj', '2023-03-15 05:04:44', '2023-03-15 05:04:44', 1),
	(193, 'Thalia Kozey', 'rbernhard@example.com', NULL, NULL, '2023-03-15 05:04:44', '$2y$10$92IXUNpkjO0rOQ5byMi.Ye4oKoEa3Ro9llC/.og/at2.uheWG/igi', 2, 't3FFm4hvo9', '2023-03-15 05:04:44', '2023-03-15 05:04:44', 1),
	(194, 'Lolita Stoltenberg', 'mlang@example.org', NULL, NULL, '2023-03-15 05:04:44', '$2y$10$92IXUNpkjO0rOQ5byMi.Ye4oKoEa3Ro9llC/.og/at2.uheWG/igi', 2, 'fOA3AdyS9N', '2023-03-15 05:04:44', '2023-03-15 05:04:44', 1),
	(195, 'Ida Moore', 'destiney.bartell@example.com', NULL, NULL, '2023-03-15 05:04:44', '$2y$10$92IXUNpkjO0rOQ5byMi.Ye4oKoEa3Ro9llC/.og/at2.uheWG/igi', 2, 'TX2rskXW6S', '2023-03-15 05:04:44', '2023-03-15 05:04:44', 1),
	(196, 'Dr. Mac Padberg', 'wilton.labadie@example.com', NULL, NULL, '2023-03-15 05:04:44', '$2y$10$92IXUNpkjO0rOQ5byMi.Ye4oKoEa3Ro9llC/.og/at2.uheWG/igi', 2, 'WRqK4J0w1D', '2023-03-15 05:04:44', '2023-03-15 05:04:44', 1),
	(197, 'Braeden West', 'yboyle@example.org', NULL, NULL, '2023-03-15 05:04:44', '$2y$10$92IXUNpkjO0rOQ5byMi.Ye4oKoEa3Ro9llC/.og/at2.uheWG/igi', 2, 'sgyJt2Nr1o', '2023-03-15 05:04:44', '2023-03-15 05:04:44', 1),
	(198, 'Conrad Farrell', 'alice.barton@example.net', NULL, NULL, '2023-03-15 05:04:44', '$2y$10$92IXUNpkjO0rOQ5byMi.Ye4oKoEa3Ro9llC/.og/at2.uheWG/igi', 2, 'vF1ds6jcdt', '2023-03-15 05:04:44', '2023-03-15 05:04:44', 1),
	(199, 'Alvis Satterfield', 'hellen.dare@example.org', NULL, NULL, '2023-03-15 05:04:44', '$2y$10$92IXUNpkjO0rOQ5byMi.Ye4oKoEa3Ro9llC/.og/at2.uheWG/igi', 2, 'l7Q5SrU2nH', '2023-03-15 05:04:44', '2023-03-15 05:04:44', 1),
	(200, 'Dr. Chasity Sporer', 'treutel.stacey@example.org', NULL, NULL, '2023-03-15 05:04:44', '$2y$10$92IXUNpkjO0rOQ5byMi.Ye4oKoEa3Ro9llC/.og/at2.uheWG/igi', 2, 'GCaXQwZBH8', '2023-03-15 05:04:44', '2023-03-15 05:04:44', 1),
	(201, 'Talon Durgan', 'hkris@example.org', NULL, NULL, '2023-03-15 05:04:44', '$2y$10$92IXUNpkjO0rOQ5byMi.Ye4oKoEa3Ro9llC/.og/at2.uheWG/igi', 2, 'UaSn2mNKJo', '2023-03-15 05:04:44', '2023-03-15 05:04:44', 1),
	(202, 'Joshua', 'joshua@gmail.com', '1997-12-01 00:00:00', 'Yogyakarta', NULL, '$2y$10$0JjWS7Yvdip9c.Y8nBHB4uL6sIHT4hQW0LKlTBkjTWydE3dPdl6Z.', 2, NULL, '2023-03-15 05:22:11', '2023-03-15 05:22:11', 1);
/*!40000 ALTER TABLE `users` ENABLE KEYS */;

/*!40101 SET SQL_MODE=IFNULL(@OLD_SQL_MODE, '') */;
/*!40014 SET FOREIGN_KEY_CHECKS=IFNULL(@OLD_FOREIGN_KEY_CHECKS, 1) */;
/*!40101 SET CHARACTER_SET_CLIENT=@OLD_CHARACTER_SET_CLIENT */;
/*!40111 SET SQL_NOTES=IFNULL(@OLD_SQL_NOTES, 1) */;
